,bidPrice,day,dtm,maturity,ytm
0,100,3/30/2016,1,2016 Mar 31,0
1,99.99,3/30/2016,16,2016 Apr 15,0.002283968
2,99.989,3/30/2016,31,2016 Apr 30,0.001296072
3,99.976,3/30/2016,46,2016 May 15,0.001906391
4,99.966,3/30/2016,62,2016 May 31,0.002003959
5,99.954,3/30/2016,77,2016 Jun 15,0.002183401
6,99.939,3/30/2016,92,2016 Jun 30,0.00242378
7,99.92,3/30/2016,107,2016 Jul 15,0.002733794
8,99.908,3/30/2016,123,2016 Jul 31,0.002735071
9,99.871,3/30/2016,138,2016 Aug 15,0.003419994
10,99.855,3/30/2016,154,2016 Aug 31,0.003445103
11,99.809,3/30/2016,169,2016 Sep 15,0.004137629
12,99.808,3/30/2016,184,2016 Sep 30,0.003819633
13,99.836,3/30/2016,199,2016 Oct 15,0.003015046
14,99.758,3/30/2016,215,2016 Oct 31,0.004121823
15,99.716,3/30/2016,230,2016 Nov 15,0.004523569
16,99.73,3/30/2016,230,2016 Nov 15,0.004299795
17,99.7,3/30/2016,245,2016 Nov 30,0.004486138
18,99.617,3/30/2016,260,2016 Dec 15,0.00540159
19,99.575,3/30/2016,276,2016 Dec 31,0.005648341
20,99.542,3/30/2016,276,2016 Dec 31,0.006089261
21,99.642,3/30/2016,276,2016 Dec 31,0.004754181
22,99.706,3/30/2016,291,2017 Jan 15,0.003699888
23,99.527,3/30/2016,307,2017 Jan 31,0.005652875
24,99.454,3/30/2016,322,2017 Feb 15,0.006225386
25,99.545,3/30/2016,322,2017 Feb 15,0.005182762
26,99.523,3/30/2016,335,2017 Feb 28,0.005223193
27,99.583,3/30/2016,350,2017 Mar 15,0.004367316
28,99.449,3/30/2016,366,2017 Mar 31,0.005525349
29,99.521,3/30/2016,381,2017 Apr 15,0.004610466
30,99.34,3/30/2016,396,2017 Apr 30,0.006122161
31,99.325,3/30/2016,411,2017 May 15,0.006032974
32,99.274,3/30/2016,442,2017 Jun 15,0.006035257
33,99.171,3/30/2016,472,2017 Jul 15,0.006458184
34,99.018,3/30/2016,503,2017 Aug 15,0.007186765
35,99.185,3/30/2016,503,2017 Aug 15,0.005955914
36,99.027,3/30/2016,534,2017 Sep 15,0.006705605
37,98.945,3/30/2016,564,2017 Oct 15,0.006887452
38,98.789,3/30/2016,595,2017 Nov 15,0.007502173
39,98.819,3/30/2016,595,2017 Nov 15,0.007314532
40,98.77,3/30/2016,625,2017 Dec 15,0.007253925
41,98.903,3/30/2016,656,2018 Jan 15,0.006156333
42,98.608,3/30/2016,672,2018 Jan 31,0.007642889
43,98.606,3/30/2016,687,2018 Feb 15,0.007486248
44,98.808,3/30/2016,687,2018 Feb 15,0.006391428
45,98.555,3/30/2016,700,2018 Feb 28,0.007618485
46,98.6,3/30/2016,715,2018 Mar 15,0.007223316
47,98.451,3/30/2016,731,2018 Mar 31,0.007825393
48,98.636,3/30/2016,746,2018 Apr 15,0.006742287
49,98.422,3/30/2016,761,2018 Apr 30,0.00765812
50,98.491,3/30/2016,776,2018 May 15,0.007177478
51,98.382,3/30/2016,792,2018 May 31,0.007546004
52,98.435,3/30/2016,792,2018 May 31,0.007295957
53,98.221,3/30/2016,822,2018 Jun 30,0.008002412
54,98.327,3/30/2016,822,2018 Jun 30,0.007519747
55,98.182,3/30/2016,853,2018 Jul 31,0.007881731
56,98.315,3/30/2016,853,2018 Jul 31,0.007298079
57,98.329,3/30/2016,868,2018 Aug 15,0.007111206
58,98.015,3/30/2016,884,2018 Aug 31,0.008312783
59,97.922,3/30/2016,914,2018 Sep 30,0.008421051
60,97.842,3/30/2016,945,2018 Oct 31,0.008461985
61,98.039,3/30/2016,945,2018 Oct 31,0.007678816
62,97.867,3/30/2016,960,2018 Nov 15,0.008231277
63,97.737,3/30/2016,975,2018 Nov 30,0.008605892
64,97.944,3/30/2016,975,2018 Nov 30,0.007807365
65,97.6,3/30/2016,1006,2018 Dec 31,0.008852906
66,97.835,3/30/2016,1006,2018 Dec 31,0.007973015
67,97.512,3/30/2016,1037,2019 Jan 31,0.008907402
68,97.702,3/30/2016,1037,2019 Jan 31,0.008216384
69,97.46,3/30/2016,1052,2019 Feb 15,0.008966552
70,97.399,3/30/2016,1065,2019 Feb 28,0.009073119
71,97.588,3/30/2016,1065,2019 Feb 28,0.008402913
72,97.304,3/30/2016,1096,2019 Mar 31,0.009143264
73,97.534,3/30/2016,1096,2019 Mar 31,0.008350126
74,97.142,3/30/2016,1126,2019 Apr 30,0.009443666
75,97.355,3/30/2016,1126,2019 Apr 30,0.008727227
76,97.154,3/30/2016,1141,2019 May 15,0.009279057
77,97.07,3/30/2016,1157,2019 May 31,0.009425564
78,97.222,3/30/2016,1157,2019 May 31,0.008927431
79,96.936,3/30/2016,1187,2019 Jun 30,0.009615024
80,97.136,3/30/2016,1187,2019 Jun 30,0.008975352
81,96.751,3/30/2016,1218,2019 Jul 31,0.009947156
82,96.871,3/30/2016,1218,2019 Jul 31,0.009572079
83,96.656,3/30/2016,1233,2019 Aug 15,0.010119263
84,96.626,3/30/2016,1249,2019 Aug 31,0.010080615
85,96.755,3/30/2016,1249,2019 Aug 31,0.009686877
86,96.498,3/30/2016,1279,2019 Sep 30,0.010225093
87,96.592,3/30/2016,1279,2019 Sep 30,0.009944434
88,96.309,3/30/2016,1310,2019 Oct 31,0.010533774
89,96.445,3/30/2016,1310,2019 Oct 31,0.010136534
90,96.193,3/30/2016,1340,2019 Nov 30,0.010628445
91,96.328,3/30/2016,1340,2019 Nov 30,0.010242449
92,95.996,3/30/2016,1371,2019 Dec 31,0.010938486
93,96.278,3/30/2016,1371,2019 Dec 31,0.010149318
94,95.732,3/30/2016,1402,2020 Jan 31,0.011420219
95,96.196,3/30/2016,1402,2020 Jan 31,0.010147848
96,95.996,3/30/2016,1431,2020 Feb 29,0.010477455
97,95.524,3/30/2016,1462,2020 Mar 31,0.011498105
98,95.877,3/30/2016,1462,2020 Mar 31,0.010567058
99,95.295,3/30/2016,1492,2020 Apr 30,0.011859578
100,95.122,3/30/2016,1523,2020 May 31,0.012057414
101,95.074,3/30/2016,1553,2020 Jun 30,0.011943163
102,94.891,3/30/2016,1584,2020 Jul 31,0.012157323
103,94.74,3/30/2016,1615,2020 Aug 31,0.012286864
104,94.594,3/30/2016,1645,2020 Sep 30,0.01240783
105,94.435,3/30/2016,1676,2020 Oct 31,0.012547835
106,94.325,3/30/2016,1691,2020 Nov 15,0.012690572
107,94.3,3/30/2016,1706,2020 Nov 30,0.01263572
108,94.115,3/30/2016,1737,2020 Dec 31,0.012826673
109,93.723,3/30/2016,1768,2021 Jan 31,0.013473269
110,93.581,3/30/2016,1796,2021 Feb 28,0.013574113
111,93.382,3/30/2016,1827,2021 Mar 31,0.013773315
112,93.522,3/30/2016,1857,2021 Apr 30,0.013250903
113,93.105,3/30/2016,1888,2021 May 31,0.013907495
114,93.138,3/30/2016,1918,2021 Jun 30,0.013620122
115,92.777,3/30/2016,1949,2021 Jul 31,0.014139341
116,92.688,3/30/2016,1980,2021 Aug 31,0.014095835
117,92.512,3/30/2016,2010,2021 Sep 30,0.014233991
118,92.148,3/30/2016,2041,2021 Oct 31,0.014731454
119,91.975,3/30/2016,2071,2021 Nov 30,0.014852573
120,91.757,3/30/2016,2102,2021 Dec 31,0.015050112
121,91.622,3/30/2016,2133,2022 Jan 31,0.015085486
122,91.815,3/30/2016,2148,2022 Feb 15,0.014616496
123,91.409,3/30/2016,2161,2022 Feb 28,0.015287626
124,91.246,3/30/2016,2192,2022 Mar 31,0.015371519
125,91.108,3/30/2016,2237,2022 May 15,0.015310692
126,90.167,3/30/2016,2421,2022 Nov 15,0.015727492
127,88.718,3/30/2016,2694,2023 Aug 15,0.016350944
128,88.106,3/30/2016,2786,2023 Nov 15,0.016728395
129,87.441,3/30/2016,2878,2024 Feb 15,0.017166229
130,86.83,3/30/2016,2968,2024 May 15,0.017518448
131,86.262,3/30/2016,3060,2024 Aug 15,0.017783754
132,85.659,3/30/2016,3152,2024 Nov 15,0.018086907
133,85.122,3/30/2016,3244,2025 Feb 15,0.018289753
134,99.991,3/31/2016,15,2016 Apr 15,0.002192499
135,99.992,3/31/2016,30,2016 Apr 30,0.000973846
136,99.978,3/31/2016,45,2016 May 15,0.001786234
137,99.972,3/31/2016,61,2016 May 31,0.001677049
138,99.961,3/31/2016,76,2016 Jun 15,0.001875148
139,99.946,3/31/2016,91,2016 Jun 30,0.002168868
140,99.93,3/31/2016,106,2016 Jul 15,0.002414131
141,99.919,3/31/2016,122,2016 Jul 31,0.002427284
142,99.884,3/31/2016,137,2016 Aug 15,0.003097091
143,99.869,3/31/2016,153,2016 Aug 31,0.003132107
144,99.811,3/31/2016,168,2016 Sep 15,0.004118593
145,99.824,3/31/2016,183,2016 Sep 30,0.003519655
146,99.858,3/31/2016,198,2016 Oct 15,0.002622971
147,99.778,3/31/2016,214,2016 Oct 31,0.003797851
148,99.699,3/31/2016,229,2016 Nov 15,0.004816395
149,99.751,3/31/2016,229,2016 Nov 15,0.003981632
150,99.723,3/31/2016,244,2016 Nov 30,0.004158018
151,99.63,3/31/2016,259,2016 Dec 15,0.005237625
152,99.589,3/31/2016,275,2016 Dec 31,0.0054813
153,99.56,3/31/2016,275,2016 Dec 31,0.005870047
154,99.667,3/31/2016,275,2016 Dec 31,0.004437008
155,99.739,3/31/2016,290,2017 Jan 15,0.00329471
156,99.543,3/31/2016,306,2017 Jan 31,0.005478591
157,99.482,3/31/2016,321,2017 Feb 15,0.00592281
158,99.574,3/31/2016,321,2017 Feb 15,0.004866073
159,99.553,3/31/2016,334,2017 Feb 28,0.004907835
160,99.623,3/31/2016,349,2017 Mar 15,0.0039581
161,99.482,3/31/2016,365,2017 Mar 31,0.005206972
162,99.564,3/31/2016,380,2017 Apr 15,0.004205871
163,99.359,3/31/2016,395,2017 Apr 30,0.00595992
164,99.362,3/31/2016,410,2017 May 15,0.005714216
165,99.3,3/31/2016,441,2017 Jun 15,0.005830958
166,99.213,3/31/2016,471,2017 Jul 15,0.006141741
167,99.067,3/31/2016,502,2017 Aug 15,0.006838889
168,99.241,3/31/2016,502,2017 Aug 15,0.005555048
169,99.047,3/31/2016,533,2017 Sep 15,0.006579016
170,98.984,3/31/2016,563,2017 Oct 15,0.00664251
171,98.859,3/31/2016,594,2017 Nov 15,0.007076421
172,98.858,3/31/2016,594,2017 Nov 15,0.007082681
173,98.816,3/31/2016,624,2017 Dec 15,0.006991293
174,98.976,3/31/2016,655,2018 Jan 15,0.005752157
175,98.66,3/31/2016,671,2018 Jan 31,0.007365391
176,98.682,3/31/2016,686,2018 Feb 15,0.007084282
177,98.884,3/31/2016,686,2018 Feb 15,0.005989147
178,98.587,3/31/2016,699,2018 Feb 28,0.007458628
179,98.679,3/31/2016,714,2018 Mar 15,0.006821171
180,98.518,3/31/2016,730,2018 Mar 31,0.007493393
181,98.719,3/31/2016,745,2018 Apr 15,0.006336577
182,98.507,3/31/2016,760,2018 Apr 30,0.007250553
183,98.577,3/31/2016,775,2018 May 15,0.006772845
184,98.455,3/31/2016,791,2018 May 31,0.007210788
185,98.523,3/31/2016,791,2018 May 31,0.006889947
186,98.296,3/31/2016,821,2018 Jun 30,0.007670193
187,98.396,3/31/2016,821,2018 Jun 30,0.007214772
188,98.198,3/31/2016,852,2018 Jul 31,0.007820661
189,98.409,3/31/2016,852,2018 Jul 31,0.006894364
190,98.415,3/31/2016,867,2018 Aug 15,0.00674884
191,98.1,3/31/2016,883,2018 Aug 31,0.007961
192,98.015,3/31/2016,913,2018 Sep 30,0.008047681
193,97.949,3/31/2016,944,2018 Oct 31,0.008044885
194,98.13,3/31/2016,944,2018 Oct 31,0.007325563
195,97.976,3/31/2016,959,2018 Nov 15,0.00781283
196,97.84,3/31/2016,974,2018 Nov 30,0.008216729
197,98.07,3/31/2016,974,2018 Nov 30,0.007329985
198,97.706,3/31/2016,1005,2018 Dec 31,0.008464111
199,97.942,3/31/2016,1005,2018 Dec 31,0.007580902
200,97.621,3/31/2016,1036,2019 Jan 31,0.008519003
201,97.815,3/31/2016,1036,2019 Jan 31,0.007813835
202,97.58,3/31/2016,1051,2019 Feb 15,0.008544034
203,97.506,3/31/2016,1064,2019 Feb 28,0.008701682
204,97.704,3/31/2016,1064,2019 Feb 28,0.007999974
205,97.418,3/31/2016,1095,2019 Mar 31,0.008757857
206,97.648,3/31/2016,1095,2019 Mar 31,0.007965225
207,97.275,3/31/2016,1125,2019 Apr 30,0.009004101
208,97.477,3/31/2016,1125,2019 Apr 30,0.00832523
209,97.276,3/31/2016,1140,2019 May 15,0.00888178
210,97.209,3/31/2016,1156,2019 May 31,0.008977789
211,97.348,3/31/2016,1156,2019 May 31,0.008522678
212,97.085,3/31/2016,1186,2019 Jun 30,0.009146045
213,97.269,3/31/2016,1186,2019 Jun 30,0.008558163
214,96.889,3/31/2016,1217,2019 Jul 31,0.009523726
215,97.027,3/31/2016,1217,2019 Jul 31,0.00909288
216,96.818,3/31/2016,1232,2019 Aug 15,0.009626477
217,96.781,3/31/2016,1248,2019 Aug 31,0.009615336
218,96.915,3/31/2016,1248,2019 Aug 31,0.009206865
219,96.653,3/31/2016,1278,2019 Sep 30,0.009770169
220,96.756,3/31/2016,1278,2019 Sep 30,0.009463048
221,96.481,3/31/2016,1309,2019 Oct 31,0.010039204
222,96.612,3/31/2016,1309,2019 Oct 31,0.009657133
223,96.354,3/31/2016,1339,2019 Nov 30,0.010175821
224,96.498,3/31/2016,1339,2019 Nov 30,0.009764681
225,96.166,3/31/2016,1370,2019 Dec 31,0.010470072
226,96.453,3/31/2016,1370,2019 Dec 31,0.009668142
227,95.909,3/31/2016,1401,2020 Jan 31,0.010941785
228,96.359,3/31/2016,1401,2020 Jan 31,0.009709667
229,96.177,3/31/2016,1430,2020 Feb 29,0.009999086
230,95.709,3/31/2016,1461,2020 Mar 31,0.011017205
231,96.061,3/31/2016,1461,2020 Mar 31,0.010090386
232,95.483,3/31/2016,1491,2020 Apr 30,0.011379496
233,95.313,3/31/2016,1522,2020 May 31,0.011578642
234,95.271,3/31/2016,1552,2020 Jun 30,0.0114584
235,95.084,3/31/2016,1583,2020 Jul 31,0.011690969
236,94.935,3/31/2016,1614,2020 Aug 31,0.011823926
237,94.799,3/31/2016,1644,2020 Sep 30,0.011928943
238,94.648,3/31/2016,1675,2020 Oct 31,0.012058383
239,94.531,3/31/2016,1690,2020 Nov 15,0.012221094
240,94.512,3/31/2016,1705,2020 Nov 30,0.012156483
241,94.325,3/31/2016,1736,2020 Dec 31,0.012359587
242,93.941,3/31/2016,1767,2021 Jan 31,0.01299468
243,93.802,3/31/2016,1795,2021 Feb 28,0.013095683
244,93.606,3/31/2016,1826,2021 Mar 31,0.013295513
245,93.758,3/31/2016,1856,2021 Apr 30,0.012756004
246,93.335,3/31/2016,1887,2021 May 31,0.013431147
247,93.404,3/31/2016,1917,2021 Jun 30,0.013077017
248,93.015,3/31/2016,1948,2021 Jul 31,0.013659928
249,92.895,3/31/2016,1979,2021 Aug 31,0.013685849
250,92.723,3/31/2016,2009,2021 Sep 30,0.013821412
251,92.395,3/31/2016,2040,2021 Oct 31,0.014252834
252,92.225,3/31/2016,2070,2021 Nov 30,0.014374171
253,92.01,3/31/2016,2101,2021 Dec 31,0.014571887
254,91.878,3/31/2016,2132,2022 Jan 31,0.014607838
255,92.067,3/31/2016,2147,2022 Feb 15,0.014150686
256,91.668,3/31/2016,2160,2022 Feb 28,0.014809443
257,91.509,3/31/2016,2191,2022 Mar 31,0.014891855
258,91.371,3/31/2016,2236,2022 May 15,0.014839959
259,90.447,3/31/2016,2420,2022 Nov 15,0.015259152
260,89.029,3/31/2016,2693,2023 Aug 15,0.01587513
261,88.432,3/31/2016,2785,2023 Nov 15,0.016242435
262,87.754,3/31/2016,2877,2024 Feb 15,0.016711246
263,87.131,3/31/2016,2967,2024 May 15,0.017091319
264,86.579,3/31/2016,3059,2024 Aug 15,0.017344251
265,86.027,3/31/2016,3151,2024 Nov 15,0.017587261
266,99.99,4/4/2016,11,2016 Apr 15,0.00332386
267,99.992,4/4/2016,26,2016 Apr 30,0.001123753
268,99.979,4/4/2016,41,2016 May 15,0.001871458
269,99.971,4/4/2016,57,2016 May 31,0.001859013
270,99.96,4/4/2016,72,2016 Jun 15,0.002030242
271,99.944,4/4/2016,87,2016 Jun 30,0.002352847
272,99.928,4/4/2016,102,2016 Jul 15,0.002580723
273,99.917,4/4/2016,118,2016 Jul 31,0.00257174
274,99.882,4/4/2016,133,2016 Aug 15,0.003245513
275,99.867,4/4/2016,149,2016 Aug 31,0.003265543
276,99.82,4/4/2016,164,2016 Sep 15,0.004017757
277,99.821,4/4/2016,179,2016 Sep 30,0.003659952
278,99.854,4/4/2016,194,2016 Oct 15,0.002752696
279,99.774,4/4/2016,210,2016 Oct 31,0.003940283
280,99.695,4/4/2016,225,2016 Nov 15,0.004967637
281,99.746,4/4/2016,225,2016 Nov 15,0.004134209
282,99.717,4/4/2016,240,2016 Nov 30,0.004319362
283,99.645,4/4/2016,255,2016 Dec 15,0.005103392
284,99.606,4/4/2016,271,2016 Dec 31,0.005331285
285,99.574,4/4/2016,271,2016 Dec 31,0.005766457
286,99.661,4/4/2016,271,2016 Dec 31,0.004584099
287,99.733,4/4/2016,286,2017 Jan 15,0.003417902
288,99.545,4/4/2016,302,2017 Jan 31,0.005526938
289,99.475,4/4/2016,317,2017 Feb 15,0.006079281
290,99.566,4/4/2016,317,2017 Feb 15,0.005020597
291,99.545,4/4/2016,330,2017 Feb 28,0.005056802
292,99.615,4/4/2016,345,2017 Mar 15,0.004089388
293,99.473,4/4/2016,361,2017 Mar 31,0.00535678
294,99.555,4/4/2016,376,2017 Apr 15,0.00433884
295,99.361,4/4/2016,391,2017 Apr 30,0.006002171
296,99.352,4/4/2016,406,2017 May 15,0.005861686
297,99.272,4/4/2016,437,2017 Jun 15,0.00612145
298,99.201,4/4/2016,467,2017 Jul 15,0.00628964
299,99.054,4/4/2016,498,2017 Aug 15,0.006990861
300,99.23,4/4/2016,498,2017 Aug 15,0.005681493
301,99.049,4/4/2016,529,2017 Sep 15,0.006614903
302,98.961,4/4/2016,559,2017 Oct 15,0.006842965
303,98.846,4/4/2016,590,2017 Nov 15,0.007206508
304,98.802,4/4/2016,590,2017 Nov 15,0.007483974
305,98.793,4/4/2016,620,2017 Dec 15,0.007174572
306,98.959,4/4/2016,651,2018 Jan 15,0.005884474
307,98.623,4/4/2016,667,2018 Jan 31,0.007616528
308,98.666,4/4/2016,682,2018 Feb 15,0.007213383
309,98.866,4/4/2016,682,2018 Feb 15,0.006122401
310,98.548,4/4/2016,695,2018 Feb 28,0.007711094
311,98.662,4/4/2016,710,2018 Mar 15,0.006948915
312,98.507,4/4/2016,726,2018 Mar 31,0.007591396
313,98.7,4/4/2016,741,2018 Apr 15,0.006466313
314,98.464,4/4/2016,756,2018 Apr 30,0.007501413
315,98.558,4/4/2016,771,2018 May 15,0.006899983
316,98.417,4/4/2016,787,2018 May 31,0.007427922
317,98.503,4/4/2016,787,2018 May 31,0.007019901
318,98.257,4/4/2016,817,2018 Jun 30,0.007886563
319,98.36,4/4/2016,817,2018 Jun 30,0.007414906
320,98.161,4/4/2016,848,2018 Jul 31,0.008021194
321,98.387,4/4/2016,848,2018 Jul 31,0.007023903
322,98.392,4/4/2016,863,2018 Aug 15,0.006879757
323,98.051,4/4/2016,879,2018 Aug 31,0.008206515
324,97.961,4/4/2016,909,2018 Sep 30,0.008306334
325,97.914,4/4/2016,940,2018 Oct 31,0.008219162
326,98.085,4/4/2016,940,2018 Oct 31,0.007536281
327,97.951,4/4/2016,955,2018 Nov 15,0.007943988
328,97.79,4/4/2016,970,2018 Nov 30,0.008444705
329,98.013,4/4/2016,970,2018 Nov 30,0.007580726
330,97.655,4/4/2016,1001,2018 Dec 31,0.008690093
331,97.902,4/4/2016,1001,2018 Dec 31,0.007761404
332,97.577,4/4/2016,1032,2019 Jan 31,0.008712988
333,97.788,4/4/2016,1032,2019 Jan 31,0.007942651
334,97.553,4/4/2016,1047,2019 Feb 15,0.008674122
335,97.455,4/4/2016,1060,2019 Feb 28,0.008916404
336,97.676,4/4/2016,1060,2019 Feb 28,0.008129776
337,97.385,4/4/2016,1091,2019 Mar 31,0.008904458
338,97.614,4/4/2016,1091,2019 Mar 31,0.008111992
339,97.254,4/4/2016,1121,2019 Apr 30,0.009107311
340,97.448,4/4/2016,1121,2019 Apr 30,0.008452758
341,97.246,4/4/2016,1136,2019 May 15,0.009013187
342,97.163,4/4/2016,1152,2019 May 31,0.009160431
343,97.317,4/4/2016,1152,2019 May 31,0.008654178
344,97.023,4/4/2016,1182,2019 Jun 30,0.009376234
345,97.225,4/4/2016,1182,2019 Jun 30,0.008728176
346,96.849,4/4/2016,1213,2019 Jul 31,0.009680729
347,97.029,4/4/2016,1213,2019 Jul 31,0.009116742
348,96.82,4/4/2016,1228,2019 Aug 15,0.009651785
349,96.737,4/4/2016,1244,2019 Aug 31,0.009781122
350,96.917,4/4/2016,1244,2019 Aug 31,0.009230495
351,96.618,4/4/2016,1274,2019 Sep 30,0.009905782
352,96.758,4/4/2016,1274,2019 Sep 30,0.009486922
353,96.463,4/4/2016,1305,2019 Oct 31,0.010122843
354,96.614,4/4/2016,1305,2019 Oct 31,0.00968103
355,96.334,4/4/2016,1335,2019 Nov 30,0.010263803
356,96.5,4/4/2016,1335,2019 Nov 30,0.00978836
357,96.159,4/4/2016,1366,2019 Dec 31,0.010520546
358,96.454,4/4/2016,1366,2019 Dec 31,0.009693792
359,95.912,4/4/2016,1397,2020 Jan 31,0.010965023
360,96.346,4/4/2016,1397,2020 Jan 31,0.009773198
361,96.178,4/4/2016,1426,2020 Feb 29,0.010024586
362,95.711,4/4/2016,1457,2020 Mar 31,0.011042325
363,96.063,4/4/2016,1457,2020 Mar 31,0.010112959
364,95.486,4/4/2016,1487,2020 Apr 30,0.01140248
365,95.316,4/4/2016,1518,2020 May 31,0.011601673
366,95.268,4/4/2016,1548,2020 Jun 30,0.011495688
367,95.083,4/4/2016,1579,2020 Jul 31,0.011723217
368,94.923,4/4/2016,1610,2020 Aug 31,0.011882474
369,94.801,4/4/2016,1640,2020 Sep 30,0.01195346
370,94.643,4/4/2016,1671,2020 Oct 31,0.012099101
371,94.533,4/4/2016,1686,2020 Nov 15,0.012245629
372,94.513,4/4/2016,1701,2020 Nov 30,0.012182945
373,94.335,4/4/2016,1732,2020 Dec 31,0.01236569
374,93.975,4/4/2016,1763,2021 Jan 31,0.012948463
375,93.837,4/4/2016,1791,2021 Feb 28,0.013048099
376,93.641,4/4/2016,1822,2021 Mar 31,0.01324901
377,93.781,4/4/2016,1852,2021 Apr 30,0.012734772
378,93.371,4/4/2016,1883,2021 May 31,0.013384116
379,93.418,4/4/2016,1913,2021 Jun 30,0.013075569
380,93.051,4/4/2016,1944,2021 Jul 31,0.013614581
381,92.897,4/4/2016,1975,2021 Aug 31,0.013709723
382,92.725,4/4/2016,2005,2021 Sep 30,0.013845195
383,92.433,4/4/2016,2036,2021 Oct 31,0.014206268
384,92.264,4/4/2016,2066,2021 Nov 30,0.014326434
385,92.05,4/4/2016,2097,2021 Dec 31,0.01452313
386,91.918,4/4/2016,2128,2022 Jan 31,0.014559749
387,92.106,4/4/2016,2143,2022 Feb 15,0.014104131
388,91.708,4/4/2016,2156,2022 Feb 28,0.014762171
389,91.549,4/4/2016,2187,2022 Mar 31,0.014845272
390,91.412,4/4/2016,2232,2022 May 15,0.0147923
391,90.49,4/4/2016,2416,2022 Nov 15,0.015211705
392,89.075,4/4/2016,2689,2023 Aug 15,0.015827704
393,88.479,4/4/2016,2781,2023 Nov 15,0.016195117
394,87.805,4/4/2016,2873,2024 Feb 15,0.01665966
395,87.183,4/4/2016,2963,2024 May 15,0.017039838
396,86.632,4/4/2016,3055,2024 Aug 15,0.017292773
397,86.081,4/4/2016,3147,2024 Nov 15,0.017535751
398,99.996,4/10/2016,5,2016 Apr 15,0.002924326
399,99.996,4/10/2016,20,2016 Apr 30,0.000730281
400,99.986,4/10/2016,35,2016 May 15,0.001461169
401,99.981,4/10/2016,51,2016 May 31,0.001360858
402,99.972,4/10/2016,66,2016 Jun 15,0.001549902
403,99.947,4/10/2016,81,2016 Jun 30,0.00239176
404,99.944,4/10/2016,96,2016 Jul 15,0.002132033
405,99.935,4/10/2016,112,2016 Jul 31,0.002121239
406,99.903,4/10/2016,127,2016 Aug 15,0.002793042
407,99.89,4/10/2016,143,2016 Aug 31,0.002813187
408,99.842,4/10/2016,158,2016 Sep 15,0.003659566
409,99.848,4/10/2016,173,2016 Sep 30,0.003214532
410,99.881,4/10/2016,188,2016 Oct 15,0.002314422
411,99.805,4/10/2016,204,2016 Oct 31,0.003498482
412,99.73,4/10/2016,219,2016 Nov 15,0.004516254
413,99.78,4/10/2016,219,2016 Nov 15,0.003677451
414,99.753,4/10/2016,234,2016 Nov 30,0.003864994
415,99.686,4/10/2016,249,2016 Dec 15,0.004620695
416,99.648,4/10/2016,265,2016 Dec 31,0.004868669
417,99.617,4/10/2016,265,2016 Dec 31,0.005299403
418,99.701,4/10/2016,265,2016 Dec 31,0.004132988
419,99.772,4/10/2016,280,2017 Jan 15,0.002979968
420,99.551,4/10/2016,296,2017 Jan 31,0.005564547
421,99.523,4/10/2016,311,2017 Feb 15,0.005627401
422,99.613,4/10/2016,311,2017 Feb 15,0.004561143
423,99.592,4/10/2016,324,2017 Feb 28,0.004616321
424,99.662,4/10/2016,339,2017 Mar 15,0.00365205
425,99.525,4/10/2016,355,2017 Mar 31,0.004907441
426,99.606,4/10/2016,370,2017 Apr 15,0.003902027
427,99.371,4/10/2016,385,2017 Apr 30,0.006000009
428,99.41,4/10/2016,400,2017 May 15,0.005414299
429,99.351,4/10/2016,431,2017 Jun 15,0.005529315
430,99.267,4/10/2016,461,2017 Jul 15,0.005841952
431,99.126,4/10/2016,492,2017 Aug 15,0.006533696
432,99.298,4/10/2016,492,2017 Aug 15,0.005239974
433,99.082,4/10/2016,523,2017 Sep 15,0.006457037
434,99.004,4/10/2016,553,2017 Oct 15,0.006628791
435,98.927,4/10/2016,584,2017 Nov 15,0.00676527
436,98.847,4/10/2016,584,2017 Nov 15,0.007274447
437,98.844,4/10/2016,614,2017 Dec 15,0.006935959
438,99.045,4/10/2016,645,2018 Jan 15,0.005445005
439,98.715,4/10/2016,661,2018 Jan 31,0.007167235
440,98.757,4/10/2016,676,2018 Feb 15,0.006776382
441,98.636,4/10/2016,676,2018 Feb 15,0.007443045
442,98.635,4/10/2016,689,2018 Feb 28,0.007307509
443,98.756,4/10/2016,704,2018 Mar 15,0.006511276
444,98.606,4/10/2016,720,2018 Mar 31,0.007141906
445,98.797,4/10/2016,735,2018 Apr 15,0.006028405
446,98.567,4/10/2016,750,2018 Apr 30,0.007049113
447,98.659,4/10/2016,765,2018 May 15,0.006462314
448,98.527,4/10/2016,781,2018 May 31,0.006959368
449,98.606,4/10/2016,781,2018 May 31,0.006582256
450,98.36,4/10/2016,811,2018 Jun 30,0.007469967
451,98.484,4/10/2016,811,2018 Jun 30,0.00689887
452,98.27,4/10/2016,842,2018 Jul 31,0.007593721
453,98.498,4/10/2016,842,2018 Jul 31,0.006582005
454,98.504,4/10/2016,857,2018 Aug 15,0.006440319
455,98.167,4/10/2016,873,2018 Aug 31,0.007764845
456,98.075,4/10/2016,903,2018 Sep 30,0.007887821
457,98.033,4/10/2016,934,2018 Oct 31,0.007793705
458,98.192,4/10/2016,934,2018 Oct 31,0.007155658
459,98.075,4/10/2016,949,2018 Nov 15,0.007504051
460,97.915,4/10/2016,964,2018 Nov 30,0.00800982
461,98.12,4/10/2016,964,2018 Nov 30,0.007211901
462,97.784,4/10/2016,995,2018 Dec 31,0.008254349
463,98.027,4/10/2016,995,2018 Dec 31,0.007336774
464,97.704,4/10/2016,1026,2019 Jan 31,0.008297496
465,97.921,4/10/2016,1026,2019 Jan 31,0.007502017
466,97.688,4/10/2016,1041,2019 Feb 15,0.008235342
467,97.599,4/10/2016,1054,2019 Feb 28,0.008451618
468,97.813,4/10/2016,1054,2019 Feb 28,0.007687016
469,97.526,4/10/2016,1085,2019 Mar 31,0.008462965
470,97.755,4/10/2016,1085,2019 Mar 31,0.007667616
471,97.411,4/10/2016,1115,2019 Apr 30,0.008623817
472,97.591,4/10/2016,1115,2019 Apr 30,0.008014449
473,97.393,4/10/2016,1130,2019 May 15,0.008569058
474,97.324,4/10/2016,1146,2019 May 31,0.008676576
475,97.465,4/10/2016,1146,2019 May 31,0.008211585
476,97.184,4/10/2016,1176,2019 Jun 30,0.008904973
477,97.394,4/10/2016,1176,2019 Jun 30,0.008229285
478,97.028,4/10/2016,1207,2019 Jul 31,0.009165414
479,97.251,4/10/2016,1207,2019 Jul 31,0.008465078
480,97.045,4/10/2016,1222,2019 Aug 15,0.0089996
481,96.926,4/10/2016,1238,2019 Aug 31,0.009247807
482,97.144,4/10/2016,1238,2019 Aug 31,0.008579533
483,96.844,4/10/2016,1268,2019 Sep 30,0.009273885
484,96.99,4/10/2016,1268,2019 Sep 30,0.008836321
485,96.681,4/10/2016,1299,2019 Oct 31,0.009529297
486,96.851,4/10/2016,1299,2019 Oct 31,0.009031077
487,96.545,4/10/2016,1329,2019 Nov 30,0.009703475
488,96.743,4/10/2016,1329,2019 Nov 30,0.009135499
489,96.39,4/10/2016,1360,2019 Dec 31,0.009916656
490,96.702,4/10/2016,1360,2019 Dec 31,0.009041124
491,96.166,4/10/2016,1391,2020 Jan 31,0.010311193
492,96.598,4/10/2016,1391,2020 Jan 31,0.009123637
493,96.436,4/10/2016,1420,2020 Feb 29,0.009371864
494,95.974,4/10/2016,1451,2020 Mar 31,0.010390548
495,96.326,4/10/2016,1451,2020 Mar 31,0.009460493
496,95.754,4/10/2016,1481,2020 Apr 30,0.010750516
497,95.589,4/10/2016,1512,2020 May 31,0.010949752
498,95.562,4/10/2016,1542,2020 Jun 30,0.010803172
499,95.37,4/10/2016,1573,2020 Jul 31,0.011060873
500,95.215,4/10/2016,1604,2020 Aug 31,0.011220168
501,95.094,4/10/2016,1634,2020 Sep 30,0.011300258
502,94.965,4/10/2016,1665,2020 Oct 31,0.011389629
503,94.833,4/10/2016,1680,2020 Nov 15,0.011593023
504,94.829,4/10/2016,1695,2020 Nov 30,0.01149903
505,94.646,4/10/2016,1726,2020 Dec 31,0.011704526
506,94.301,4/10/2016,1757,2021 Jan 31,0.012264476
507,94.167,4/10/2016,1785,2021 Feb 28,0.01236526
508,93.977,4/10/2016,1816,2021 Mar 31,0.012563866
509,94.138,4/10/2016,1846,2021 Apr 30,0.012015856
510,93.717,4/10/2016,1877,2021 May 31,0.012698524
511,93.759,4/10/2016,1907,2021 Jun 30,0.012410687
512,93.407,4/10/2016,1938,2021 Jul 31,0.012928276
513,93.215,4/10/2016,1969,2021 Aug 31,0.013109801
514,93.051,4/10/2016,1999,2021 Sep 30,0.013237524
515,92.803,4/10/2016,2030,2021 Oct 31,0.013520285
516,92.638,4/10/2016,2060,2021 Nov 30,0.013641641
517,92.428,4/10/2016,2091,2021 Dec 31,0.013839599
518,92.301,4/10/2016,2122,2022 Jan 31,0.013875808
519,92.492,4/10/2016,2137,2022 Feb 15,0.013419867
520,92.096,4/10/2016,2150,2022 Feb 28,0.014076581
521,91.941,4/10/2016,2181,2022 Mar 31,0.014160971
522,91.812,4/10/2016,2226,2022 May 15,0.014106167
523,90.917,4/10/2016,2410,2022 Nov 15,0.014526264
524,89.541,4/10/2016,2683,2023 Aug 15,0.01514252
525,88.957,4/10/2016,2775,2023 Nov 15,0.015510494
526,88.228,4/10/2016,2867,2024 Feb 15,0.016072944
527,87.616,4/10/2016,2957,2024 May 15,0.01645292
528,87.075,4/10/2016,3049,2024 Aug 15,0.016706111
529,86.534,4/10/2016,3141,2024 Nov 15,0.01694909
530,99.996,4/11/2016,4,2016 Apr 15,0.003656743
531,99.996,4/11/2016,19,2016 Apr 30,0.000768732
532,99.986,4/11/2016,34,2016 May 15,0.001504177
533,99.981,4/11/2016,50,2016 May 31,0.001388094
534,99.972,4/11/2016,65,2016 Jun 15,0.001573765
535,99.947,4/11/2016,80,2016 Jun 30,0.002421694
536,99.944,4/11/2016,95,2016 Jul 15,0.002154499
537,99.935,4/11/2016,111,2016 Jul 31,0.00214037
538,99.903,4/11/2016,126,2016 Aug 15,0.00281524
539,99.89,4/11/2016,142,2016 Aug 31,0.002833026
540,99.842,4/11/2016,157,2016 Sep 15,0.003682919
541,99.848,4/11/2016,172,2016 Sep 30,0.003233251
542,99.881,4/11/2016,187,2016 Oct 15,0.002326813
543,99.805,4/11/2016,203,2016 Oct 31,0.003515746
544,99.73,4/11/2016,218,2016 Nov 15,0.004537017
545,99.78,4/11/2016,218,2016 Nov 15,0.003694351
546,99.753,4/11/2016,233,2016 Nov 30,0.003881614
547,99.686,4/11/2016,248,2016 Dec 15,0.00463937
548,99.648,4/11/2016,264,2016 Dec 31,0.004887156
549,99.617,4/11/2016,264,2016 Dec 31,0.00531953
550,99.701,4/11/2016,264,2016 Dec 31,0.004148676
551,99.772,4/11/2016,279,2017 Jan 15,0.002990664
552,99.551,4/11/2016,295,2017 Jan 31,0.005583463
553,99.523,4/11/2016,310,2017 Feb 15,0.005645605
554,99.613,4/11/2016,310,2017 Feb 15,0.00457589
555,99.592,4/11/2016,323,2017 Feb 28,0.004630646
556,99.662,4/11/2016,338,2017 Mar 15,0.003662874
557,99.525,4/11/2016,354,2017 Mar 31,0.004921338
558,99.606,4/11/2016,369,2017 Apr 15,0.003912622
559,99.371,4/11/2016,384,2017 Apr 30,0.00601568
560,99.41,4/11/2016,399,2017 May 15,0.005427906
561,99.351,4/11/2016,430,2017 Jun 15,0.005542209
562,99.267,4/11/2016,460,2017 Jul 15,0.005854689
563,99.126,4/11/2016,491,2017 Aug 15,0.006547047
564,99.298,4/11/2016,491,2017 Aug 15,0.005250674
565,99.082,4/11/2016,522,2017 Sep 15,0.006469447
566,99.004,4/11/2016,552,2017 Oct 15,0.00664084
567,98.927,4/11/2016,583,2017 Nov 15,0.006776914
568,98.847,4/11/2016,583,2017 Nov 15,0.00728697
569,98.844,4/11/2016,613,2017 Dec 15,0.006947313
570,99.045,4/11/2016,644,2018 Jan 15,0.005453483
571,98.715,4/11/2016,660,2018 Jan 31,0.007178133
572,98.757,4/11/2016,675,2018 Feb 15,0.006786455
573,98.636,4/11/2016,675,2018 Feb 15,0.007454113
574,98.635,4/11/2016,688,2018 Feb 28,0.007318169
575,98.756,4/11/2016,703,2018 Mar 15,0.006520568
576,98.606,4/11/2016,719,2018 Mar 31,0.007151875
577,98.797,4/11/2016,734,2018 Apr 15,0.006036643
578,98.567,4/11/2016,749,2018 Apr 30,0.007058557
579,98.659,4/11/2016,764,2018 May 15,0.0064708
580,98.527,4/11/2016,780,2018 May 31,0.006968321
581,98.606,4/11/2016,780,2018 May 31,0.006590723
582,98.36,4/11/2016,810,2018 Jun 30,0.007479224
583,98.484,4/11/2016,810,2018 Jun 30,0.006907416
584,98.27,4/11/2016,841,2018 Jul 31,0.007602785
585,98.498,4/11/2016,841,2018 Jul 31,0.006589857
586,98.504,4/11/2016,856,2018 Aug 15,0.006447867
587,98.167,4/11/2016,872,2018 Aug 31,0.007773785
588,98.075,4/11/2016,902,2018 Sep 30,0.007896601
589,98.033,4/11/2016,933,2018 Oct 31,0.007802091
590,98.192,4/11/2016,933,2018 Oct 31,0.007163355
591,98.075,4/11/2016,948,2018 Nov 15,0.007511997
592,97.915,4/11/2016,963,2018 Nov 30,0.008018171
593,98.12,4/11/2016,963,2018 Nov 30,0.007219417
594,97.784,4/11/2016,994,2018 Dec 31,0.008262687
595,98.027,4/11/2016,994,2018 Dec 31,0.007344182
596,97.704,4/11/2016,1025,2019 Jan 31,0.008305624
597,97.921,4/11/2016,1025,2019 Jan 31,0.007509364
598,97.688,4/11/2016,1040,2019 Feb 15,0.008243293
599,97.599,4/11/2016,1053,2019 Feb 28,0.008459678
600,97.813,4/11/2016,1053,2019 Feb 28,0.007694344
601,97.526,4/11/2016,1084,2019 Mar 31,0.008470805
602,97.755,4/11/2016,1084,2019 Mar 31,0.007674717
603,97.411,4/11/2016,1114,2019 Apr 30,0.008631592
604,97.591,4/11/2016,1114,2019 Apr 30,0.008021672
605,97.393,4/11/2016,1129,2019 May 15,0.008576681
606,97.324,4/11/2016,1145,2019 May 31,0.008684187
607,97.465,4/11/2016,1145,2019 May 31,0.008218786
608,97.184,4/11/2016,1175,2019 Jun 30,0.008912585
609,97.394,4/11/2016,1175,2019 Jun 30,0.008236317
610,97.028,4/11/2016,1206,2019 Jul 31,0.009173048
611,97.251,4/11/2016,1206,2019 Jul 31,0.008472127
612,97.045,4/11/2016,1221,2019 Aug 15,0.009007004
613,96.926,4/11/2016,1237,2019 Aug 31,0.009255317
614,97.144,4/11/2016,1237,2019 Aug 31,0.008586498
615,96.844,4/11/2016,1267,2019 Sep 30,0.009281238
616,96.99,4/11/2016,1267,2019 Sep 30,0.008843326
617,96.681,4/11/2016,1298,2019 Oct 31,0.009536674
618,96.851,4/11/2016,1298,2019 Oct 31,0.009038066
619,96.545,4/11/2016,1328,2019 Nov 30,0.009710817
620,96.743,4/11/2016,1328,2019 Nov 30,0.009142409
621,96.39,4/11/2016,1359,2019 Dec 31,0.009923989
622,96.702,4/11/2016,1359,2019 Dec 31,0.009047807
623,96.166,4/11/2016,1390,2020 Jan 31,0.010318649
624,96.598,4/11/2016,1390,2020 Jan 31,0.00913023
625,96.436,4/11/2016,1419,2020 Feb 29,0.009378499
626,95.974,4/11/2016,1450,2020 Mar 31,0.010397751
627,96.326,4/11/2016,1450,2020 Mar 31,0.009467048
628,95.754,4/11/2016,1480,2020 Apr 30,0.010757819
629,95.589,4/11/2016,1511,2020 May 31,0.010957038
630,95.562,4/11/2016,1541,2020 Jun 30,0.01081022
631,95.37,4/11/2016,1572,2020 Jul 31,0.011067948
632,95.215,4/11/2016,1603,2020 Aug 31,0.011227207
633,95.094,4/11/2016,1633,2020 Sep 30,0.011307217
634,94.965,4/11/2016,1664,2020 Oct 31,0.011396513
635,94.833,4/11/2016,1679,2020 Nov 15,0.011599967
636,94.829,4/11/2016,1694,2020 Nov 30,0.011505857
637,94.646,4/11/2016,1725,2020 Dec 31,0.01171135
638,94.301,4/11/2016,1756,2021 Jan 31,0.012271503
639,94.167,4/11/2016,1784,2021 Feb 28,0.012372234
640,93.977,4/11/2016,1815,2021 Mar 31,0.012570832
641,94.138,4/11/2016,1845,2021 Apr 30,0.012022407
642,93.717,4/11/2016,1876,2021 May 31,0.012705336
643,93.759,4/11/2016,1906,2021 Jun 30,0.012417239
644,93.407,4/11/2016,1937,2021 Jul 31,0.012934993
645,93.215,4/11/2016,1968,2021 Aug 31,0.013116506
646,93.051,4/11/2016,1998,2021 Sep 30,0.013244193
647,92.803,4/11/2016,2029,2021 Oct 31,0.013526994
648,92.638,4/11/2016,2059,2021 Nov 30,0.013648311
649,92.428,4/11/2016,2090,2021 Dec 31,0.013846267
650,92.301,4/11/2016,2121,2022 Jan 31,0.013882395
651,92.492,4/11/2016,2136,2022 Feb 15,0.013426192
652,92.096,4/11/2016,2149,2022 Feb 28,0.014083177
653,91.941,4/11/2016,2180,2022 Mar 31,0.014167512
654,91.812,4/11/2016,2225,2022 May 15,0.014112552
655,90.917,4/11/2016,2409,2022 Nov 15,0.014532338
656,89.541,4/11/2016,2682,2023 Aug 15,0.015148209
657,88.957,4/11/2016,2774,2023 Nov 15,0.015516128
658,88.228,4/11/2016,2866,2024 Feb 15,0.016078597
659,87.616,4/11/2016,2956,2024 May 15,0.016458531
660,87.075,4/11/2016,3048,2024 Aug 15,0.016711638
661,86.534,4/11/2016,3140,2024 Nov 15,0.016954534
662,99.997,4/12/2016,3,2016 Apr 15,0.003656724
663,99.996,4/12/2016,18,2016 Apr 30,0.000811456
664,99.987,4/12/2016,33,2016 May 15,0.001439007
665,99.981,4/12/2016,49,2016 May 31,0.001416443
666,99.972,4/12/2016,64,2016 Jun 15,0.001598375
667,99.948,4/12/2016,79,2016 Jun 30,0.002406046
668,99.945,4/12/2016,94,2016 Jul 15,0.002138509
669,99.935,4/12/2016,110,2016 Jul 31,0.002159849
670,99.903,4/12/2016,125,2016 Aug 15,0.002837794
671,99.89,4/12/2016,141,2016 Aug 31,0.002853148
672,99.851,4/12/2016,156,2016 Sep 15,0.003494911
673,99.849,4/12/2016,171,2016 Sep 30,0.003230743
674,99.882,4/12/2016,186,2016 Oct 15,0.002319645
675,99.806,4/12/2016,202,2016 Oct 31,0.003515013
676,99.731,4/12/2016,217,2016 Nov 15,0.00454103
677,99.781,4/12/2016,217,2016 Nov 15,0.003694488
678,99.754,4/12/2016,232,2016 Nov 30,0.003882544
679,99.684,4/12/2016,247,2016 Dec 15,0.004687984
680,99.653,4/12/2016,263,2016 Dec 31,0.004835809
681,99.624,4/12/2016,263,2016 Dec 31,0.005241776
682,99.702,4/12/2016,263,2016 Dec 31,0.004150506
683,99.773,4/12/2016,278,2017 Jan 15,0.002988239
684,99.578,4/12/2016,294,2017 Jan 31,0.005264008
685,99.525,4/12/2016,309,2017 Feb 15,0.005640055
686,99.614,4/12/2016,309,2017 Feb 15,0.00457882
687,99.594,4/12/2016,322,2017 Feb 28,0.004622191
688,99.663,4/12/2016,337,2017 Mar 15,0.003662856
689,99.527,4/12/2016,353,2017 Mar 31,0.004914433
690,99.607,4/12/2016,368,2017 Apr 15,0.003913279
691,99.402,4/12/2016,383,2017 Apr 30,0.005732432
692,99.412,4/12/2016,398,2017 May 15,0.00542303
693,99.349,4/12/2016,429,2017 Jun 15,0.005572387
694,99.269,4/12/2016,459,2017 Jul 15,0.005851366
695,99.128,4/12/2016,490,2017 Aug 15,0.006545324
696,99.299,4/12/2016,490,2017 Aug 15,0.005253876
697,99.125,4/12/2016,521,2017 Sep 15,0.006176008
698,99.051,4/12/2016,551,2017 Oct 15,0.00633649
699,98.929,4/12/2016,582,2017 Nov 15,0.006775832
700,98.894,4/12/2016,582,2017 Nov 15,0.006999278
701,98.845,4/12/2016,612,2017 Dec 15,0.006952628
702,99.047,4/12/2016,643,2018 Jan 15,0.005450462
703,98.718,4/12/2016,659,2018 Jan 31,0.007172112
704,98.76,4/12/2016,674,2018 Feb 15,0.006779996
705,98.639,4/12/2016,674,2018 Feb 15,0.00744862
706,98.638,4/12/2016,687,2018 Feb 28,0.007312583
707,98.758,4/12/2016,702,2018 Mar 15,0.006519288
708,98.609,4/12/2016,718,2018 Mar 31,0.007146295
709,98.799,4/12/2016,733,2018 Apr 15,0.006034762
710,98.569,4/12/2016,748,2018 Apr 30,0.007058056
711,98.661,4/12/2016,763,2018 May 15,0.006469548
712,98.53,4/12/2016,779,2018 May 31,0.006962932
713,98.609,4/12/2016,779,2018 May 31,0.006584862
714,98.363,4/12/2016,809,2018 Jun 30,0.00747464
715,98.486,4/12/2016,809,2018 Jun 30,0.006906758
716,98.26,4/12/2016,840,2018 Jul 31,0.007656427
717,98.5,4/12/2016,840,2018 Jul 31,0.006588847
718,98.506,4/12/2016,855,2018 Aug 15,0.006446709
719,98.177,4/12/2016,871,2018 Aug 31,0.007739727
720,98.091,4/12/2016,901,2018 Sep 30,0.007838796
721,98.038,4/12/2016,932,2018 Oct 31,0.007790365
722,98.199,4/12/2016,932,2018 Oct 31,0.00714295
723,98.077,4/12/2016,947,2018 Nov 15,0.00751204
724,97.922,4/12/2016,962,2018 Nov 30,0.007999198
725,98.125,4/12/2016,962,2018 Nov 30,0.007207475
726,97.791,4/12/2016,993,2018 Dec 31,0.008244513
727,98.034,4/12/2016,993,2018 Dec 31,0.007325165
728,97.707,4/12/2016,1024,2019 Jan 31,0.008302733
729,97.924,4/12/2016,1024,2019 Jan 31,0.007505722
730,97.691,4/12/2016,1039,2019 Feb 15,0.008240382
731,97.599,4/12/2016,1052,2019 Feb 28,0.008467754
732,97.815,4/12/2016,1052,2019 Feb 28,0.007694537
733,97.534,4/12/2016,1083,2019 Mar 31,0.00845078
734,97.762,4/12/2016,1083,2019 Mar 31,0.007657512
735,97.415,4/12/2016,1113,2019 Apr 30,0.008625798
736,97.594,4/12/2016,1113,2019 Apr 30,0.008018747
737,97.395,4/12/2016,1128,2019 May 15,0.008577615
738,97.332,4/12/2016,1144,2019 May 31,0.008665358
739,97.467,4/12/2016,1144,2019 May 31,0.008219399
740,97.199,4/12/2016,1174,2019 Jun 30,0.008871801
741,97.419,4/12/2016,1174,2019 Jun 30,0.008162912
742,97.05,4/12/2016,1205,2019 Jul 31,0.009111395
743,97.261,4/12/2016,1205,2019 Jul 31,0.008447778
744,97.056,4/12/2016,1220,2019 Aug 15,0.008980205
745,96.96,4/12/2016,1236,2019 Aug 31,0.009158315
746,97.154,4/12/2016,1236,2019 Aug 31,0.008562817
747,96.86,4/12/2016,1266,2019 Sep 30,0.009240533
748,97.001,4/12/2016,1266,2019 Sep 30,0.008817357
749,96.7,4/12/2016,1297,2019 Oct 31,0.009488236
750,96.862,4/12/2016,1297,2019 Oct 31,0.009012816
751,96.556,4/12/2016,1327,2019 Nov 30,0.009686529
752,96.754,4/12/2016,1327,2019 Nov 30,0.009117772
753,96.406,4/12/2016,1358,2019 Dec 31,0.009886279
754,96.713,4/12/2016,1358,2019 Dec 31,0.009023651
755,96.177,4/12/2016,1389,2020 Jan 31,0.01029575
756,96.617,4/12/2016,1389,2020 Jan 31,0.009084681
757,96.448,4/12/2016,1418,2020 Feb 29,0.009352816
758,95.986,4/12/2016,1449,2020 Mar 31,0.010373143
759,96.337,4/12/2016,1449,2020 Mar 31,0.009444576
760,95.766,4/12/2016,1479,2020 Apr 30,0.010733874
761,95.601,4/12/2016,1510,2020 May 31,0.010933659
762,95.574,4/12/2016,1540,2020 Jun 30,0.010787195
763,95.387,4/12/2016,1571,2020 Jul 31,0.011033164
764,95.228,4/12/2016,1602,2020 Aug 31,0.0112028
765,95.107,4/12/2016,1632,2020 Sep 30,0.011283266
766,94.983,4/12/2016,1663,2020 Oct 31,0.011361334
767,94.847,4/12/2016,1678,2020 Nov 15,0.011574438
768,94.856,4/12/2016,1693,2020 Nov 30,0.011450612
769,94.667,4/12/2016,1724,2020 Dec 31,0.011670663
770,94.307,4/12/2016,1755,2021 Jan 31,0.012265143
771,94.173,4/12/2016,1783,2021 Feb 28,0.012366011
772,93.983,4/12/2016,1814,2021 Mar 31,0.012564797
773,94.151,4/12/2016,1844,2021 Apr 30,0.012001305
774,93.723,4/12/2016,1875,2021 May 31,0.012699534
775,93.787,4/12/2016,1905,2021 Jun 30,0.012365878
776,93.413,4/12/2016,1936,2021 Jul 31,0.012929451
777,93.216,4/12/2016,1967,2021 Aug 31,0.013121201
778,93.052,4/12/2016,1997,2021 Sep 30,0.013248879
779,92.809,4/12/2016,2028,2021 Oct 31,0.013521916
780,92.644,4/12/2016,2058,2021 Nov 30,0.013643344
781,92.435,4/12/2016,2089,2021 Dec 31,0.013839525
782,92.308,4/12/2016,2120,2022 Jan 31,0.013875751
783,92.499,4/12/2016,2135,2022 Feb 15,0.013419411
784,92.103,4/12/2016,2148,2022 Feb 28,0.014076683
785,91.948,4/12/2016,2179,2022 Mar 31,0.014161126
786,91.819,4/12/2016,2224,2022 May 15,0.014106253
787,90.924,4/12/2016,2408,2022 Nov 15,0.014526577
788,89.549,4/12/2016,2681,2023 Aug 15,0.015141554
789,88.965,4/12/2016,2773,2023 Nov 15,0.015509747
790,88.214,4/12/2016,2865,2024 Feb 15,0.016104797
791,87.602,4/12/2016,2955,2024 May 15,0.016484211
792,87.06,4/12/2016,3047,2024 Aug 15,0.016738151
793,86.519,4/12/2016,3139,2024 Nov 15,0.01698048
794,99.985,4/17/2016,13,2016 Apr 30,0.004220737
795,99.987,4/17/2016,28,2016 May 15,0.00169619
796,99.98,4/17/2016,44,2016 May 31,0.001660634
797,99.933,4/17/2016,59,2016 Jun 15,0.004154912
798,99.907,4/17/2016,74,2016 Jun 30,0.004599843
799,99.896,4/17/2016,89,2016 Jul 15,0.004276506
800,99.864,4/17/2016,105,2016 Jul 31,0.004742045
801,99.898,4/17/2016,120,2016 Aug 15,0.003108906
802,99.884,4/17/2016,136,2016 Aug 31,0.003119899
803,99.857,4/17/2016,151,2016 Sep 15,0.003465086
804,99.773,4/17/2016,166,2016 Sep 30,0.005009444
805,99.869,4/17/2016,181,2016 Oct 15,0.002646942
806,99.795,4/17/2016,197,2016 Oct 31,0.003809359
807,99.721,4/17/2016,212,2016 Nov 15,0.004821839
808,99.769,4/17/2016,212,2016 Nov 15,0.003989661
809,99.742,4/17/2016,227,2016 Nov 30,0.004162458
810,99.71,4/17/2016,242,2016 Dec 15,0.004389929
811,99.675,4/17/2016,258,2016 Dec 31,0.004615977
812,99.644,4/17/2016,258,2016 Dec 31,0.00505817
813,99.688,4/17/2016,258,2016 Dec 31,0.00443064
814,99.614,4/17/2016,273,2017 Jan 15,0.005184184
815,99.568,4/17/2016,289,2017 Jan 31,0.005482851
816,99.562,4/17/2016,304,2017 Feb 15,0.005284345
817,99.596,4/17/2016,304,2017 Feb 15,0.004872314
818,99.504,4/17/2016,317,2017 Feb 28,0.005741672
819,99.503,4/17/2016,332,2017 Mar 15,0.005492659
820,99.442,4/17/2016,348,2017 Mar 31,0.005886232
821,99.58,4/17/2016,363,2017 Apr 15,0.004241002
822,99.388,4/17/2016,378,2017 Apr 30,0.005945285
823,99.388,4/17/2016,393,2017 May 15,0.005717718
824,99.383,4/17/2016,424,2017 Jun 15,0.005342111
825,99.281,4/17/2016,439,2017 Jun 30,0.006017646
826,99.241,4/17/2016,454,2017 Jul 15,0.006144166
827,99.117,4/17/2016,485,2017 Aug 15,0.006697096
828,99.263,4/17/2016,485,2017 Aug 15,0.005582559
829,99.105,4/17/2016,516,2017 Sep 15,0.006379676
830,99.016,4/17/2016,546,2017 Oct 15,0.006632498
831,98.887,4/17/2016,577,2017 Nov 15,0.007105239
832,98.896,4/17/2016,577,2017 Nov 15,0.007047261
833,98.852,4/17/2016,607,2017 Dec 15,0.006967219
834,98.767,4/17/2016,638,2018 Jan 15,0.007123095
835,98.717,4/17/2016,654,2018 Jan 31,0.007232837
836,98.626,4/17/2016,669,2018 Feb 15,0.00757695
837,98.589,4/17/2016,669,2018 Feb 15,0.007783242
838,98.621,4/17/2016,682,2018 Feb 28,0.007459321
839,98.591,4/17/2016,697,2018 Mar 15,0.007458705
840,98.579,4/17/2016,713,2018 Mar 31,0.007353489
841,98.497,4/17/2016,728,2018 Apr 15,0.007621749
842,98.451,4/17/2016,743,2018 Apr 30,0.007698522
843,98.574,4/17/2016,758,2018 May 15,0.006940023
844,98.37,4/17/2016,774,2018 May 31,0.007780137
845,98.547,4/17/2016,774,2018 May 31,0.006926145
846,98.551,4/17/2016,789,2018 Jun 15,0.006775119
847,98.259,4/17/2016,804,2018 Jun 30,0.008005277
848,98.278,4/17/2016,804,2018 Jun 30,0.007916803
849,98.158,4/17/2016,835,2018 Jul 31,0.008160051
850,98.433,4/17/2016,835,2018 Jul 31,0.006927883
851,98.434,4/17/2016,850,2018 Aug 15,0.006800819
852,98.122,4/17/2016,866,2018 Aug 31,0.008022637
853,98.032,4/17/2016,896,2018 Sep 30,0.00812977
854,97.848,4/17/2016,927,2018 Oct 31,0.00860265
855,98.137,4/17/2016,927,2018 Oct 31,0.007432109
856,97.99,4/17/2016,942,2018 Nov 15,0.007898584
857,98.098,4/17/2016,942,2018 Nov 15,0.007468484
858,97.854,4/17/2016,957,2018 Nov 30,0.008308273
859,98.057,4/17/2016,957,2018 Nov 30,0.007511618
860,97.635,4/17/2016,988,2018 Dec 31,0.008881276
861,97.677,4/17/2016,988,2018 Dec 31,0.008720992
862,97.514,4/17/2016,1019,2019 Jan 31,0.009058043
863,97.568,4/17/2016,1019,2019 Jan 31,0.008857966
864,97.664,4/17/2016,1034,2019 Feb 15,0.008378782
865,97.474,4/17/2016,1047,2019 Feb 28,0.00895904
866,97.463,4/17/2016,1047,2019 Feb 28,0.008998737
867,97.389,4/17/2016,1078,2019 Mar 31,0.008998291
868,97.351,4/17/2016,1078,2019 Mar 31,0.009131628
869,97.332,4/17/2016,1108,2019 Apr 30,0.00894816
870,97.239,4/17/2016,1108,2019 Apr 30,0.009265939
871,97.331,4/17/2016,1123,2019 May 15,0.008831481
872,97.195,4/17/2016,1139,2019 May 31,0.009158971
873,97.123,4/17/2016,1139,2019 May 31,0.00939865
874,97.039,4/17/2016,1169,2019 Jun 30,0.009429024
875,97.007,4/17/2016,1169,2019 Jun 30,0.009532981
876,96.856,4/17/2016,1200,2019 Jul 31,0.009763917
877,97.108,4/17/2016,1200,2019 Jul 31,0.008966162
878,96.896,4/17/2016,1215,2019 Aug 15,0.009517567
879,96.726,4/17/2016,1231,2019 Aug 31,0.009918976
880,96.767,4/17/2016,1231,2019 Aug 31,0.009792082
881,96.722,4/17/2016,1261,2019 Sep 30,0.009693945
882,96.645,4/17/2016,1261,2019 Sep 30,0.009926731
883,96.483,4/17/2016,1292,2019 Oct 31,0.010166053
884,96.521,4/17/2016,1292,2019 Oct 31,0.010053684
885,96.317,4/17/2016,1322,2019 Nov 30,0.010414487
886,96.394,4/17/2016,1322,2019 Nov 30,0.010191579
887,96.16,4/17/2016,1353,2019 Dec 31,0.010619331
888,96.265,4/17/2016,1353,2019 Dec 31,0.010321838
889,95.989,4/17/2016,1384,2020 Jan 31,0.010854625
890,96.132,4/17/2016,1384,2020 Jan 31,0.010457844
891,96.004,4/17/2016,1413,2020 Feb 29,0.010589877
892,95.738,4/17/2016,1444,2020 Mar 31,0.0110702
893,95.869,4/17/2016,1444,2020 Mar 31,0.010720801
894,95.599,4/17/2016,1474,2020 Apr 30,0.011207424
895,95.474,4/17/2016,1505,2020 May 31,0.011296164
896,95.333,4/17/2016,1535,2020 Jun 30,0.011429559
897,95.186,4/17/2016,1566,2020 Jul 31,0.01156581
898,95.041,4/17/2016,1597,2020 Aug 31,0.011692475
899,94.893,4/17/2016,1627,2020 Sep 30,0.011829339
900,94.744,4/17/2016,1658,2020 Oct 31,0.011956902
901,94.642,4/17/2016,1673,2020 Nov 15,0.012086883
902,94.592,4/17/2016,1688,2020 Nov 30,0.012094477
903,94.437,4/17/2016,1719,2020 Dec 31,0.012227493
904,94.279,4/17/2016,1750,2021 Jan 31,0.0123631
905,94.046,4/17/2016,1778,2021 Feb 28,0.012681508
906,93.968,4/17/2016,1809,2021 Mar 31,0.012632356
907,93.898,4/17/2016,1839,2021 Apr 30,0.012574763
908,93.651,4/17/2016,1870,2021 May 31,0.012885631
909,93.492,4/17/2016,1900,2021 Jun 30,0.013011515
910,93.2,4/17/2016,1931,2021 Jul 31,0.013400331
911,93.196,4/17/2016,1962,2021 Aug 31,0.013195303
912,92.973,4/17/2016,1992,2021 Sep 30,0.013440062
913,92.834,4/17/2016,2023,2021 Oct 31,0.013506309
914,92.665,4/17/2016,2053,2021 Nov 30,0.013635953
915,92.494,4/17/2016,2084,2021 Dec 31,0.013759658
916,92.319,4/17/2016,2115,2022 Jan 31,0.013887931
917,92.334,4/17/2016,2130,2022 Feb 15,0.013761234
918,92.154,4/17/2016,2143,2022 Feb 28,0.014014145
919,91.978,4/17/2016,2174,2022 Mar 31,0.01413838
920,91.656,4/17/2016,2219,2022 May 15,0.014434702
921,90.672,4/17/2016,2403,2022 Nov 15,0.014984812
922,89.202,4/17/2016,2676,2023 Aug 15,0.015707799
923,88.726,4/17/2016,2768,2023 Nov 15,0.015898278
924,88.157,4/17/2016,2860,2024 Feb 15,0.016217003
925,87.592,4/17/2016,2950,2024 May 15,0.016526737
926,99.985,4/18/2016,12,2016 Apr 30,0.004573268
927,99.987,4/18/2016,27,2016 May 15,0.001759067
928,99.98,4/18/2016,43,2016 May 31,0.001699286
929,99.933,4/18/2016,58,2016 Jun 15,0.0042267
930,99.907,4/18/2016,73,2016 Jun 30,0.004663002
931,99.896,4/18/2016,88,2016 Jul 15,0.004325208
932,99.864,4/18/2016,104,2016 Jul 31,0.00478775
933,99.898,4/18/2016,119,2016 Aug 15,0.003135072
934,99.884,4/18/2016,135,2016 Aug 31,0.003143046
935,99.857,4/18/2016,150,2016 Sep 15,0.003488227
936,99.773,4/18/2016,165,2016 Sep 30,0.005039881
937,99.869,4/18/2016,180,2016 Oct 15,0.002661666
938,99.795,4/18/2016,196,2016 Oct 31,0.003828832
939,99.721,4/18/2016,211,2016 Nov 15,0.004844747
940,99.769,4/18/2016,211,2016 Nov 15,0.004008607
941,99.742,4/18/2016,226,2016 Nov 30,0.004180914
942,99.71,4/18/2016,241,2016 Dec 15,0.004408185
943,99.675,4/18/2016,257,2016 Dec 31,0.004633979
944,99.644,4/18/2016,257,2016 Dec 31,0.005077901
945,99.688,4/18/2016,257,2016 Dec 31,0.004447918
946,99.614,4/18/2016,272,2017 Jan 15,0.005203293
947,99.568,4/18/2016,288,2017 Jan 31,0.005501941
948,99.562,4/18/2016,303,2017 Feb 15,0.005301832
949,99.596,4/18/2016,303,2017 Feb 15,0.004888433
950,99.504,4/18/2016,316,2017 Feb 28,0.005759894
951,99.503,4/18/2016,331,2017 Mar 15,0.005509299
952,99.442,4/18/2016,347,2017 Mar 31,0.005903245
953,99.58,4/18/2016,362,2017 Apr 15,0.004252742
954,99.388,4/18/2016,377,2017 Apr 30,0.005961101
955,99.388,4/18/2016,392,2017 May 15,0.005732346
956,99.383,4/18/2016,423,2017 Jun 15,0.005354773
957,99.281,4/18/2016,438,2017 Jun 30,0.006031427
958,99.241,4/18/2016,453,2017 Jul 15,0.006157771
959,99.117,4/18/2016,484,2017 Aug 15,0.00671098
960,99.263,4/18/2016,484,2017 Aug 15,0.005594126
961,99.105,4/18/2016,515,2017 Sep 15,0.006392103
962,99.016,4/18/2016,545,2017 Oct 15,0.006644708
963,98.887,4/18/2016,576,2017 Nov 15,0.007117618
964,98.896,4/18/2016,576,2017 Nov 15,0.007059539
965,98.852,4/18/2016,606,2017 Dec 15,0.006978756
966,98.767,4/18/2016,637,2018 Jan 15,0.007134317
967,98.717,4/18/2016,653,2018 Jan 31,0.007243953
968,98.626,4/18/2016,668,2018 Feb 15,0.007588336
969,98.589,4/18/2016,668,2018 Feb 15,0.007794939
970,98.621,4/18/2016,681,2018 Feb 28,0.007470316
971,98.591,4/18/2016,696,2018 Mar 15,0.007469461
972,98.579,4/18/2016,712,2018 Mar 31,0.007363854
973,98.497,4/18/2016,727,2018 Apr 15,0.007632272
974,98.451,4/18/2016,742,2018 Apr 30,0.007708937
975,98.574,4/18/2016,757,2018 May 15,0.006949223
976,98.37,4/18/2016,773,2018 May 31,0.007790241
977,98.547,4/18/2016,773,2018 May 31,0.006935137
978,98.551,4/18/2016,788,2018 Jun 15,0.006783746
979,98.259,4/18/2016,803,2018 Jun 30,0.008015287
980,98.278,4/18/2016,803,2018 Jun 30,0.007926701
981,98.158,4/18/2016,834,2018 Jul 31,0.008169875
982,98.433,4/18/2016,834,2018 Jul 31,0.006936219
983,98.434,4/18/2016,849,2018 Aug 15,0.006808857
984,98.122,4/18/2016,865,2018 Aug 31,0.008031949
985,98.032,4/18/2016,895,2018 Sep 30,0.008138891
986,97.848,4/18/2016,926,2018 Oct 31,0.00861198
987,98.137,4/18/2016,926,2018 Oct 31,0.007440165
988,97.99,4/18/2016,941,2018 Nov 15,0.00790701
989,98.098,4/18/2016,941,2018 Nov 15,0.00747645
990,97.854,4/18/2016,956,2018 Nov 30,0.008316999
991,98.057,4/18/2016,956,2018 Nov 30,0.007519505
992,97.635,4/18/2016,987,2018 Dec 31,0.008890314
993,97.677,4/18/2016,987,2018 Dec 31,0.008729866
994,97.514,4/18/2016,1018,2019 Jan 31,0.009066981
995,97.568,4/18/2016,1018,2019 Jan 31,0.008866706
996,97.664,4/18/2016,1033,2019 Feb 15,0.008386927
997,97.474,4/18/2016,1046,2019 Feb 28,0.008967644
998,97.463,4/18/2016,1046,2019 Feb 28,0.009007379
999,97.389,4/18/2016,1077,2019 Mar 31,0.009006683
1000,97.351,4/18/2016,1077,2019 Mar 31,0.009140145
1001,97.332,4/18/2016,1107,2019 Apr 30,0.008956279
1002,97.239,4/18/2016,1107,2019 Apr 30,0.009274348
1003,97.331,4/18/2016,1122,2019 May 15,0.008839387
1004,97.195,4/18/2016,1138,2019 May 31,0.009167056
1005,97.123,4/18/2016,1138,2019 May 31,0.009406948
1006,97.039,4/18/2016,1168,2019 Jun 30,0.009437135
1007,97.007,4/18/2016,1168,2019 Jun 30,0.009541181
1008,96.856,4/18/2016,1199,2019 Jul 31,0.0097721
1009,97.108,4/18/2016,1199,2019 Jul 31,0.008973673
1010,96.896,4/18/2016,1214,2019 Aug 15,0.009525444
1011,96.726,4/18/2016,1230,2019 Aug 31,0.00992708
1012,96.767,4/18/2016,1230,2019 Aug 31,0.009800082
1013,96.722,4/18/2016,1260,2019 Sep 30,0.009701676
1014,96.645,4/18/2016,1260,2019 Sep 30,0.009934648
1015,96.483,4/18/2016,1291,2019 Oct 31,0.010173967
1016,96.521,4/18/2016,1291,2019 Oct 31,0.01006151
1017,96.317,4/18/2016,1321,2019 Nov 30,0.010422412
1018,96.394,4/18/2016,1321,2019 Nov 30,0.010199333
1019,96.16,4/18/2016,1352,2019 Dec 31,0.010627227
1020,96.265,4/18/2016,1352,2019 Dec 31,0.010329511
1021,95.989,4/18/2016,1383,2020 Jan 31,0.010862516
1022,96.132,4/18/2016,1383,2020 Jan 31,0.010465445
1023,96.004,4/18/2016,1412,2020 Feb 29,0.010597416
1024,95.738,4/18/2016,1443,2020 Mar 31,0.011077914
1025,95.869,4/18/2016,1443,2020 Mar 31,0.01072827
1026,95.599,4/18/2016,1473,2020 Apr 30,0.011215075
1027,95.474,4/18/2016,1504,2020 May 31,0.011303717
1028,95.333,4/18/2016,1534,2020 Jun 30,0.011437052
1029,95.186,4/18/2016,1565,2020 Jul 31,0.011573243
1030,95.041,4/18/2016,1596,2020 Aug 31,0.011699844
1031,94.893,4/18/2016,1626,2020 Sep 30,0.011836657
1032,94.744,4/18/2016,1657,2020 Oct 31,0.011964161
1033,94.642,4/18/2016,1672,2020 Nov 15,0.012094155
1034,94.592,4/18/2016,1687,2020 Nov 30,0.01210169
1035,94.437,4/18/2016,1718,2020 Dec 31,0.012234653
1036,94.279,4/18/2016,1749,2021 Jan 31,0.012370212
1037,94.046,4/18/2016,1777,2021 Feb 28,0.01268869
1038,93.968,4/18/2016,1808,2021 Mar 31,0.012639387
1039,93.898,4/18/2016,1838,2021 Apr 30,0.012581648
1040,93.651,4/18/2016,1869,2021 May 31,0.01289257
1041,93.492,4/18/2016,1899,2021 Jun 30,0.013018411
1042,93.2,4/18/2016,1930,2021 Jul 31,0.013407321
1043,93.196,4/18/2016,1961,2021 Aug 31,0.013202076
1044,92.973,4/18/2016,1991,2021 Sep 30,0.013446857
1045,92.834,4/18/2016,2022,2021 Oct 31,0.013513034
1046,92.665,4/18/2016,2052,2021 Nov 30,0.013642643
1047,92.494,4/18/2016,2083,2021 Dec 31,0.013766309
1048,92.319,4/18/2016,2114,2022 Jan 31,0.013894546
1049,92.334,4/18/2016,2129,2022 Feb 15,0.013767742
1050,92.154,4/18/2016,2142,2022 Feb 28,0.014020733
1051,91.978,4/18/2016,2173,2022 Mar 31,0.014144932
1052,91.656,4/18/2016,2218,2022 May 15,0.014441256
1053,90.672,4/18/2016,2402,2022 Nov 15,0.014991097
1054,89.202,4/18/2016,2675,2023 Aug 15,0.015713717
1055,88.726,4/18/2016,2767,2023 Nov 15,0.015904069
1056,88.157,4/18/2016,2859,2024 Feb 15,0.016222721
1057,87.592,4/18/2016,2949,2024 May 15,0.016532388
